<?xml version="1.0" encoding="utf-8" standalone="yes"?>
<rss version="2.0" xmlns:atom="http://www.w3.org/2005/Atom">
  <channel>
    <title>Restaurant Hugo</title>
    <link>https://hunter1085.github.io/shop/</link>
    <description>Recent content on Restaurant Hugo</description>
    <generator>Hugo -- gohugo.io</generator>
    <language>en-us</language>
    <lastBuildDate>Wed, 26 Dec 2018 12:30:01 +0600</lastBuildDate><atom:link href="https://hunter1085.github.io/shop/index.xml" rel="self" type="application/rss+xml" />
    <item>
      <title>Red Pepper Miso Wings 2</title>
      <link>https://hunter1085.github.io/shop/post/red-pepper-miso-wings-2/</link>
      <pubDate>Wed, 26 Dec 2018 12:30:01 +0600</pubDate>
      
      <guid>https://hunter1085.github.io/shop/post/red-pepper-miso-wings-2/</guid>
      <description>Lorem ipsum dolor sit amet, consectetur adipisicing elit. Porro modi delectus rerum, sed blanditiis eaque eum, ex et officia veritatis id hic.</description>
    </item>
    
    <item>
      <title>Red Pepper Miso Wings</title>
      <link>https://hunter1085.github.io/shop/post/red-pepper-miso-wings/</link>
      <pubDate>Wed, 26 Dec 2018 12:28:47 +0600</pubDate>
      
      <guid>https://hunter1085.github.io/shop/post/red-pepper-miso-wings/</guid>
      <description>Lorem ipsum dolor sit amet, consectetur adipisicing elit. Porro modi delectus rerum, sed blanditiis eaque eum, ex et officia veritatis id hic.</description>
    </item>
    
    <item>
      <title>Homestyle Chicken Pot Pie</title>
      <link>https://hunter1085.github.io/shop/post/homestyle-chicken-pot-pie/</link>
      <pubDate>Wed, 26 Dec 2018 12:23:10 +0600</pubDate>
      
      <guid>https://hunter1085.github.io/shop/post/homestyle-chicken-pot-pie/</guid>
      <description>Lorem ipsum dolor sit amet, consectetur adipisicing elit. Est, veniam! Lorem ipsum dolor sit amet, consectetur adipisicing elit.</description>
    </item>
    
    <item>
      <title>Skillet Chicken with Potatoes</title>
      <link>https://hunter1085.github.io/shop/post/restaurant/</link>
      <pubDate>Wed, 26 Dec 2018 11:40:41 +0600</pubDate>
      
      <guid>https://hunter1085.github.io/shop/post/restaurant/</guid>
      <description>Lorem ipsum dolor sit amet, consectetur adipisicing elit. Atque, dignissimos. Lorem ipsum dolor sit amet, consectetur adipisicing elit.</description>
    </item>
    
    <item>
      <title>Red Pepper Miso Wings</title>
      <link>https://hunter1085.github.io/shop/post/my-first-post/</link>
      <pubDate>Wed, 12 Dec 2018 04:28:21 +0600</pubDate>
      
      <guid>https://hunter1085.github.io/shop/post/my-first-post/</guid>
      <description>Lorem ipsum dolor sit amet, consectetur adipisicing elit. Porro modi delectus rerum, sed blanditiis eaque eum, ex et officia veritatis id hic.</description>
    </item>
    
  </channel>
</rss>
